{
    "suggested" :[
        "<a href=\"http://www.google.com\"><span>patient</span> monitor</a>",
        "<a href=\"http://www.google.com\">our <span>patient</span>s rule</a>",
        "<a href=\"http://www.google.com\">intelliVue <span>Patient</span> monitors - Philips</a>",
        "<a href=\"http://www.google.com\">Philips Health and <span>patient</span>s</a>"
    ],
    "recommended" : [
        "<a href=\"http://www.google.com\">IntellieVue MP90</a>",
        "<a href=\"http://www.google.com\">IntelliVue MX800</a>",
        "<a href=\"http://www.google.com\">IntelliVue MP60 and MP70</a>"
    ],
    "featured" : {
        "figure" : "clientlib/images/event-icon.png",
        "title" : "IntelliVue Patient Monitors",
        "description" : "IntelliVue Patient Monitors Networked patient monitor with partial technology for highest intensity care.",
        "url" : "http://google.com"
    }
    
}