{
  
  "facets": "Contains the sidebar form for Resource Type and Specialty Type",
  
  "results": "The list of results",
  
  "specialty": "The Specialty dropdown",

  "statusHeading": "1 to 25 of 100 results for \"Patient Monitor\"",
  
  "showMore": "
      <button
        data-limit=\"25\"
        data-offset=\"25\" 
        data-total=\"100\"
        data-term=\"Patient Monitor\"
      >Show more results</button>
  ",
  
  "state": {
    "moreResults": "Boolean",
    "limit": 25,
    "offset": 25,
    "total": 100,
    "term": "Patient Monitor"
  }
}